887,tempor,100
148,cubilia,16
143,ligula,99
874,faucibus,100
577,ad,4
797,natoque,79
200,montes,13
583,massa,37
51,molestie,76
53,consequat,93
278,penatibus,22
323,molestie,64
148,porttitor,33
877,posuere,11
175,orci,84
978,Nam,85
730,vestibulum,70
754,ad,63
248,nec,100
401,Donec,73
353,interdum,51
544,sodales,58
714,dui,36
450,felis,89
161,blandit,73
986,bibendum,67
665,scelerisque,15
215,senectus,16
818,augue,26
947,dapibus,40
931,pulvinar,63
219,Class,70
701,taciti,9
648,bibendum,21
956,augue,83
652,Fusce,18
928,amet,7
444,congue,96
720,ipsum,14
166,litora,70
992,orci,58
332,Suspendisse,97
968,feugiat,67
144,Praesent,31
914,sollicitudin,43
932,libero,48
393,id,58
259,ad,90
585,facilisis,46
629,neque,90
393,Curabitur,80
117,posuere,22
873,vel,7
748,Mauris,32
919,ut,53
853,Maecenas,52
127,Fusce,47
886,Mauris,73
421,feugiat,3
137,Fusce,69
621,placerat,10
56,leo,75
313,mi,83
915,blandit,25
675,sodales,54
841,mattis,100
817,consequat,46
861,eget,36
627,accumsan,5
164,at,16
695,sed,39
43,Fusce,81
121,eros,91
715,bibendum,8
621,sed,95
73,facilisis,44
479,leo,60
710,velit,26
982,Phasellus,70
661,lacinia,14
355,sem,66
364,luctus,5
654,ultrices,100
865,leo,93
638,luctus,62
561,eleifend,35
328,aptent,82
422,Nam,91
786,auctor,20
218,sodales,33
206,Curabitur,34
141,egestas,93
224,Mauris,72
706,porta,17
783,aliquam,69
9,Suspendisse,32
958,Nullam,43
966,fringilla,28
149,natoque,87
732,dictum,82
240,vestibulum,3
243,mollis,83
47,euismod,54
695,Donec,66
647,vulputate,46
864,Phasellus,59
874,Curae,12
2,eu,45
810,euismod,77
514,facilisis,60
762,natoque,96
817,justo,90
372,Vestibulum,95
256,aptent,57
344,scelerisque,76
757,sed,100
296,interdum,17
32,odio,42
852,felis,86
288,commodo,71
75,nascetur,10
500,adipiscing,99
603,Class,35
996,porttitor,97
247,cursus,37
23,Nunc,46
94,venenatis,91
684,nisl,98
260,eget,63
572,erat,28
271,vehicula,66
447,Nullam,58
316,Praesent,28
515,purus,81
665,morbi,11
914,dui,65
761,turpis,62
670,ac,78
411,malesuada,88
669,laoreet,82
792,nostra,59
238,blandit,80
775,Curabitur,38
308,Nullam,84
653,justo,71
840,lacus,82
209,tempus,94
216,Praesent,53
311,eros,79
613,elementum,27
185,senectus,97
219,sem,22
811,accumsan,78
997,consectetuer,22
625,Class,74
394,ligula,65
784,fermentum,13
53,interdum,83
487,arcu,25
150,congue,77
127,lacus,66
249,mollis,74
237,massa,73
776,rhoncus,68
342,Maecenas,76
509,senectus,58
971,ullamcorper,76
323,Morbi,22
649,bibendum,99
18,felis,28
821,tincidunt,70
583,bibendum,98
441,Nam,35
664,posuere,69
440,facilisis,72
27,porttitor,36
299,nisi,4
752,elit,45
339,varius,96
749,magna,69
656,massa,53
710,auctor,24
297,Praesent,43
614,diam,95
261,facilisi,16
81,imperdiet,86
973,nisl,20
532,pellentesque,48
678,sit,16
933,fames,89
82,nec,81
380,aliquam,80
293,nonummy,98
985,at,48
425,cubilia,49
900,tincidunt,79
427,ullamcorper,90
853,dui,56
894,auctor,26
714,Donec,35
368,nisi,70
516,gravida,61
418,magnis,38
627,semper,16
145,sollicitudin,34
468,Nullam,53
590,pede,99
416,hymenaeos,61
193,sagittis,100
275,Praesent,45
53,placerat,41
531,netus,35
98,dui,95
882,Cum,92
928,Nunc,64
933,mi,84
757,Mauris,39
734,tempus,14
381,elit,27
662,ullamcorper,0
675,Curabitur,73
944,mi,19
401,malesuada,78
371,sed,68
626,molestie,19
755,neque,61
787,felis,21
911,commodo,47
826,dignissim,47
424,facilisi,54
15,Curabitur,28
988,sagittis,91
741,taciti,3
39,sociosqu,23
4,aliquet,55
287,tempus,31
627,justo,46
829,Cum,74
199,interdum,40
692,purus,1
275,felis,40
934,iaculis,31
796,id,58
214,Nulla,58
493,viverra,27
771,pellentesque,84
463,morbi,50
649,dolor,21
598,Sed,19
202,nibh,76
988,purus,67
955,eros,81
777,lorem,66
191,Vestibulum,25
899,sit,58
202,montes,94
141,sollicitudin,86
267,sem,53
771,primis,48
925,ac,11
180,auctor,93
242,risus,75
438,sociosqu,5
784,Maecenas,0
4,ante,9
489,sollicitudin,39
803,hymenaeos,56
81,pretium,39
620,hymenaeos,82
684,quam,29
314,Cum,14
347,nostra,76
146,Integer,50
74,scelerisque,3
149,Lorem,37
234,lacus,17
906,Curae,41
805,congue,4
350,tempor,66
801,nostra,49
860,mollis,0
821,arcu,86
276,litora,49
405,taciti,61
222,pede,65
772,condimentum,26
837,ligula,92
17,erat,15
827,eleifend,25
529,malesuada,97
282,consectetuer,73
903,facilisis,55
930,fermentum,5
899,eleifend,37
128,tellus,68
648,taciti,86
195,eget,78
505,tortor,29
456,mattis,3
478,volutpat,61
753,torquent,49
379,fringilla,72
271,varius,19
601,magna,25
113,Morbi,26
313,ullamcorper,95
36,libero,57
432,scelerisque,47
699,gravida,48
472,eu,43
502,vestibulum,51
106,tempor,76
722,dis,50
195,porttitor,44
313,Pellentesque,64
786,mus,46
525,velit,42
857,adipiscing,11
755,Duis,29
799,facilisis,10
437,pretium,65
594,arcu,67
216,odio,22
174,at,0
384,facilisis,1
232,volutpat,69
599,fermentum,20
424,augue,97
543,hendrerit,22
613,elit,95
143,feugiat,10
140,rhoncus,18
353,scelerisque,23
823,varius,87
729,auctor,72
757,lacus,2
837,mus,44
655,et,81
580,tempus,30
373,ut,24
876,vel,75
129,Aenean,86
939,Suspendisse,80
426,sapien,22
734,Ut,20
843,posuere,54
158,risus,33
317,imperdiet,8
895,morbi,37
729,aptent,51
661,metus,31
822,aliquam,21
228,urna,38
704,felis,80
671,sodales,98
37,Maecenas,65
608,aliquam,89
689,sit,29
822,Etiam,30
309,sit,63
149,mus,20
648,sit,97
825,eu,74
21,facilisi,73
918,nisi,45
69,nisl,87
771,per,68
162,nisi,15
295,inceptos,25
733,ultricies,69
144,suscipit,77
935,In,29
976,viverra,40
512,netus,1
731,Etiam,2
84,In,35
970,parturient,66
40,tempus,87
913,augue,24
905,sollicitudin,66
537,consectetuer,14
905,elit,49
723,luctus,22
304,Nullam,17
375,risus,49
62,ad,71
928,ut,68
953,malesuada,90
270,varius,44
427,consectetuer,89
114,consequat,96
636,cubilia,5
61,habitant,84
843,Suspendisse,100
252,lacinia,53
415,cursus,19
193,inceptos,5
307,magnis,83
30,volutpat,4
623,sed,4
228,ligula,73
656,nec,38
558,condimentum,89
688,Aliquam,87
11,Aliquam,28
332,vel,30
100,risus,7
700,nostra,81
708,posuere,16
978,vel,26
934,sed,59
864,turpis,31
583,ipsum,99
784,vel,0
608,dis,88
868,pellentesque,79
46,Aliquam,84
150,Curabitur,39
583,ut,50
843,per,1
248,Etiam,48
761,Cum,46
745,pellentesque,50
276,metus,89
151,eget,68
8,mauris,64
725,id,33
690,vestibulum,36
130,Phasellus,73
780,nulla,41
88,enim,62
267,Integer,81
965,eu,14
250,congue,82
921,parturient,51
385,mus,21
671,conubia,21
712,volutpat,88
436,non,74
207,sit,48
75,vehicula,32
452,laoreet,72
219,habitant,24
428,rhoncus,71
271,cubilia,56
634,gravida,70
726,turpis,72
140,malesuada,15
114,massa,71
842,aliquet,24
608,sociis,82
939,placerat,50
156,ridiculus,5
455,consequat,19
688,accumsan,47
844,Proin,31
495,et,18
46,arcu,2
897,Nulla,52
880,sapien,78
472,ac,10
690,parturient,12
90,Integer,86
891,gravida,58
796,orci,61
6,orci,64
21,In,45
712,viverra,54
253,sapien,34
916,scelerisque,100
323,ligula,49
221,massa,55
108,cursus,65
356,Praesent,25
98,tempus,5
820,Nunc,84
665,Cras,5
144,sociis,77
144,aliquam,98
58,egestas,38
37,ut,34
910,malesuada,6
371,augue,59
174,lectus,46
865,nostra,84
180,pulvinar,73
960,iaculis,0
166,sagittis,60
24,Mauris,32
522,mus,43
376,mus,73
367,interdum,78
631,nonummy,11
882,natoque,60
732,gravida,87
786,volutpat,84
794,metus,42
359,Lorem,7
405,per,98
506,lobortis,96
681,euismod,67
594,auctor,94
823,eu,49
848,lacus,47
124,luctus,56
912,laoreet,77
643,pretium,54
255,conubia,14
403,dictum,64
339,at,7
774,ipsum,93
790,sociis,26
63,pede,20
805,tortor,98
775,elementum,87
603,lectus,68
1000,Nam,22
440,egestas,59
908,ultricies,43
483,et,77
136,Maecenas,21
199,Proin,92
873,pellentesque,68
508,felis,56
446,diam,100
271,Cras,30
581,non,96
126,Ut,27
798,Sed,60
128,pellentesque,23
452,quam,8
662,conubia,30
175,Aenean,25
808,dis,7
309,eget,74
69,ultrices,86
661,Nam,99
357,lacus,10
525,viverra,31
181,fringilla,99
119,facilisis,72
985,non,50
39,litora,13
87,et,53
557,egestas,0
413,in,23
804,amet,80
946,fermentum,87
194,sem,100
284,venenatis,31
866,molestie,23
447,luctus,10
367,Vestibulum,8
299,facilisis,41
637,eleifend,23
804,Aliquam,2
695,natoque,72
289,Suspendisse,37
819,senectus,51
91,ligula,36
917,sapien,82
685,leo,75
352,fringilla,19
741,magnis,2
288,Lorem,86
861,facilisi,88
994,leo,68
508,aptent,13
820,accumsan,65
270,placerat,96
856,adipiscing,58
730,commodo,58
677,vulputate,67
34,enim,24
123,dapibus,77
79,volutpat,28
540,auctor,80
258,inceptos,74
425,Praesent,2
875,at,68
667,dui,56
470,cursus,2
69,risus,90
31,aliquet,31
532,ut,98
511,elementum,94
906,dui,86
347,morbi,13
560,Ut,7
362,vel,93
125,dolor,5
696,habitant,40
756,Curabitur,51
63,gravida,28
459,vulputate,12
764,nec,14
266,ornare,24
345,ac,0
958,pulvinar,15
563,id,11
887,pede,87
926,consectetuer,0
143,ultrices,12
101,ad,85
311,facilisi,97
159,posuere,69
990,penatibus,8
187,Phasellus,70
946,odio,10
762,at,96
637,sed,87
494,sed,68
285,Nunc,59
814,a,54
307,felis,71
664,pede,1
942,lorem,34
460,Phasellus,70
54,feugiat,69
859,purus,97
516,primis,77
968,nibh,78
898,interdum,43
901,nisi,41
109,dui,69
910,elementum,49
443,risus,17
339,Proin,21
571,Morbi,57
183,cursus,39
688,mollis,66
982,metus,16
983,a,94
719,penatibus,91
830,eu,69
640,tempor,32
678,Nullam,95
757,gravida,52
343,Fusce,13
122,Maecenas,84
851,massa,14
712,ullamcorper,12
380,Class,94
501,posuere,19
873,semper,45
156,tortor,43
925,volutpat,11
518,urna,56
208,taciti,28
859,Curae,30
153,aliquet,92
47,Aliquam,70
631,ornare,93
285,posuere,1
970,sit,53
967,accumsan,42
168,morbi,95
44,venenatis,30
791,Suspendisse,31
741,et,21
68,penatibus,85
719,dui,34
79,Nunc,31
935,hymenaeos,59
73,sagittis,46
16,conubia,69
123,sollicitudin,70
193,Cum,5
75,tellus,18
537,turpis,43
605,ante,17
128,varius,55
774,condimentum,76
543,justo,75
194,risus,46
793,egestas,63
841,Morbi,24
187,Donec,79
578,pretium,38
450,tempus,56
708,ac,14
239,Nam,0
613,cursus,6
752,libero,93
73,facilisis,26
130,scelerisque,20
975,orci,58
757,litora,72
340,venenatis,85
326,libero,63
11,nisl,92
584,ipsum,8
300,leo,91
267,netus,11
427,nunc,75
419,Suspendisse,18
968,nulla,51
490,tempor,12
389,elit,84
498,mollis,35
380,montes,30
846,iaculis,83
508,ad,95
136,sociis,86
594,varius,54
467,pulvinar,1
351,In,49
369,sed,38
606,condimentum,52
363,massa,52
671,vehicula,11
57,nunc,90
904,mattis,94
561,Nullam,38
205,Suspendisse,26
936,iaculis,12
20,Lorem,29
342,augue,72
184,adipiscing,62
147,neque,92
3,Proin,33
480,consectetuer,76
322,Integer,7
41,vitae,65
843,tellus,64
61,ultrices,36
9,a,51
799,erat,34
55,ultrices,21
202,ad,38
112,pulvinar,64
435,urna,28
434,Etiam,30
20,pretium,83
35,taciti,95
417,ut,41
792,hendrerit,82
514,at,45
724,fringilla,51
546,sem,80
233,condimentum,17
13,Curae,67
361,aliquam,24
6,Pellentesque,34
46,nisl,80
265,est,27
727,Curabitur,56
950,viverra,51
188,tristique,22
995,mus,1
190,sit,47
961,vestibulum,7
895,sapien,57
824,Fusce,61
193,mauris,67
511,ac,49
128,aliquet,76
329,sollicitudin,94
862,ridiculus,40
789,lacus,47
533,Integer,17
876,Pellentesque,72
605,morbi,82
410,Maecenas,82
864,ultrices,59
412,nisl,73
375,nonummy,84
826,Maecenas,78
597,dignissim,11
524,ornare,97
272,fermentum,7
433,Quisque,22
169,molestie,18
297,penatibus,25
472,senectus,58
794,Aenean,50
800,fames,28
702,penatibus,30
924,porta,34
583,mi,53
509,malesuada,27
182,Maecenas,55
657,fermentum,76
472,Mauris,32
837,Phasellus,23
792,Quisque,3
939,Cum,5
237,ante,96
810,Nunc,56
536,enim,53
772,vitae,58
522,congue,30
52,inceptos,53
808,mus,93
163,ridiculus,67
164,scelerisque,41
471,Nullam,43
386,nisl,63
405,ligula,60
495,pellentesque,65
819,tempor,59
768,justo,94
60,dapibus,8
733,gravida,46
752,vehicula,15
630,pretium,86
808,torquent,71
30,taciti,74
13,posuere,5
221,ultricies,21
274,vitae,80
553,eros,45
307,Lorem,32
62,facilisis,82
72,lorem,33
496,Nulla,94
925,sagittis,13
833,In,81
464,facilisis,14
704,aptent,50
733,gravida,76
8,ante,80
943,Etiam,52
3,aliquet,24
505,magnis,91
930,laoreet,72
506,per,21
68,Integer,29
959,id,68
389,vel,95
850,lobortis,11
424,quis,29
753,adipiscing,65
907,eget,65
729,taciti,47
803,venenatis,83
246,Cras,49
417,velit,7
802,erat,64
103,aliquam,30
501,nisl,53
367,molestie,50
326,volutpat,12
974,Phasellus,47
754,Nam,52
232,iaculis,14
796,laoreet,42
198,gravida,47
315,at,70
246,pellentesque,88
575,nulla,84
477,elit,20
269,Nullam,21
239,sapien,74
178,lacinia,23
556,morbi,3
685,varius,1
472,placerat,67
586,ante,17
723,libero,95
751,aliquet,9
978,consectetuer,38
243,adipiscing,44
951,consectetuer,72
92,placerat,73
851,per,92
370,Nam,44
936,auctor,96
560,aliquam,46
612,nonummy,35
280,conubia,60
306,metus,70
796,dapibus,16
81,turpis,79
334,mattis,58
392,diam,76
910,ligula,68
782,eleifend,13
168,at,92
211,venenatis,61
112,Nullam,4
208,senectus,10
153,nec,62
580,egestas,63
606,Duis,41
301,fames,8
435,amet,94
489,tincidunt,31
514,facilisis,30
803,interdum,22
607,mi,62
662,iaculis,17
426,convallis,25
754,aliquet,90
168,purus,14
147,posuere,21
321,conubia,80
958,velit,80
444,Etiam,19
35,ridiculus,0
392,feugiat,96
70,mollis,32
74,pellentesque,60
737,nulla,60
286,gravida,65
572,natoque,100
996,varius,89
793,tempus,19
933,Morbi,61
388,In,99
238,dignissim,10
146,tristique,86
23,eleifend,18
670,sed,100
276,primis,85
459,primis,76
708,libero,1
573,sapien,65
411,facilisi,21
391,faucibus,67
848,nostra,94
788,nulla,13
681,turpis,64
254,torquent,10
871,pharetra,34
946,nibh,61
190,nostra,79
799,diam,49
77,bibendum,87
764,ipsum,9
0,ullamcorper,3
149,Phasellus,32
295,Maecenas,43
906,gravida,36
995,tempus,66
256,iaculis,56
129,placerat,87
568,Cum,6
280,urna,94
522,tellus,17
849,Mauris,0
351,Curabitur,58
521,enim,55
751,feugiat,81
73,laoreet,47
486,mattis,30
633,amet,5
454,aliquet,70
7,montes,74
588,interdum,12
582,penatibus,89
152,in,8
221,neque,36
533,felis,33
722,hendrerit,15
282,sem,87
337,lectus,15
768,iaculis,76
701,ultricies,71
657,nascetur,54
834,nostra,72
228,litora,58
88,Aenean,8
10,sociosqu,98
373,pretium,59
154,Cum,84
512,bibendum,20
141,malesuada,75
818,gravida,23
118,tristique,83
616,ad,51
524,pretium,8
655,eu,51
587,adipiscing,4
254,semper,5
285,dis,99
386,est,78
23,facilisis,86
523,laoreet,0
217,purus,4
748,est,88
251,convallis,63
866,viverra,31
735,Nam,45
922,vulputate,94
278,ad,36
90,Etiam,40
457,varius,10
635,lobortis,28
819,consectetuer,27
996,lectus,45
415,bibendum,27
223,pulvinar,39
185,netus,8
437,lorem,3
634,semper,21
299,non,68
638,rhoncus,95
595,mollis,52
944,consectetuer,69
